{
  "leesin": 1.0,
  "hecarim": 0.9840118083633987,
  "fizz": 0.9791801926346722,
  "renekton": 0.9749454944552576,
  "zoe": 0.9690219382202957,
  "draven": 0.9649858190977164,
  "leblanc": 0.9649712655383381,
  "katarina": 0.9641170160101823,
  "akali": 0.9626959320823865,
  "akshan": 0.9585859561837855,
  "tryndamere": 0.9420048331752985,
  "lucian": 0.9395945487659205,
  "pyke": 0.9329769672836531,
  "naafiri": 0.9247852149218271,
  "varus": 0.9112085438684793,
  "kled": 0.9072043894766464,
  "elise": 0.9012045215842824
}