{
  "talon": 0.9117742940521775,
  "fiddlesticks": 0.8228119064893564,
  "tahmkench": 0.7796532885355645,
  "malphite": 0.7644101280394011,
  "lissandra": 0.7499008719564524,
  "reksai": 0.746168673252279,
  "ekko": 0.7432184144031662,
  "akshan": 0.7123542291782613
}