{
  "yuumi": 0.9554019126102059,
  "skarner": 0.939623282489164,
  "karthus": 0.9025235109319293,
  "vladimir": 0.8966364524415104,
  "chogath": 0.8265617238535228,
  "kayle": 0.8259870397355419,
  "rengar": 0.8122463497690925,
  "quinn": 0.810925104203721,
  "nilah": 0.8090809977718134,
  "twitch": 0.795252888838387,
  "ambessa": 0.7951728013961206,
  "blitzcrank": 0.7945589025327532,
  "zac": 0.7888980741891698,
  "aphelios": 0.7810154183761843,
  "sejuani": 0.7809210205225002,
  "riven": 0.7706108160303092,
  "ornn": 0.7698422127562965,
  "teemo": 0.7571436349511355
}