{
  "zed": 1.0,
  "qiyana": 0.9518372486330723,
  "ksante": 0.9478816480764083,
  "evelynn": 0.9452097189111853,
  "darius": 0.9447192056879482,
  "tristana": 0.934201699197935,
  "shaco": 0.9254744387746731,
  "khazix": 0.92491213141884,
  "sylas": 0.9183754105698092,
  "lucian": 0.8906491362653443,
  "jhin": 0.8817674004009768,
  "soraka": 0.8771647414658736,
  "elise": 0.8751344458001519,
  "akali": 0.8657064677366971,
  "naafiri": 0.854747050086833,
  "viego": 0.8499725080988596,
  "pyke": 0.833600160683256,
  "nidalee": 0.8294635264136435,
  "leblanc": 0.8234550416057894,
  "draven": 0.8177631718391232,
  "thresh": 0.810214931444304,
  "zoe": 0.8089846586605102,
  "katarina": 0.8086916500924366,
  "lulu": 0.8047888164969089,
  "xayah": 0.8042348157940232,
  "kalista": 0.7984108585921957,
  "samira": 0.7871740566743715,
  "mel": 0.7806136916142599,
  "aurora": 0.7792779915361798,
  "rammus": 0.7658123212612964,
  "fizz": 0.755006149132782,
  "hecarim": 0.7482119612340352,
  "akshan": 0.7481208346840119,
  "aatrox": 0.7021232732487833
}