{
  "kogmaw": 0.9076494844499751,
  "warwick": 0.8906919114540425,
  "ashe": 0.8676114927359532,
  "gragas": 0.8661533041299515,
  "missfortune": 0.8627307022517817,
  "nunu": 0.8534142137728474,
  "ezreal": 0.8524685666473298,
  "ziggs": 0.8003355729307561,
  "anivia": 0.7952857237149951,
  "yorick": 0.7948464877741792,
  "morgana": 0.7360424717582963,
  "garen": 0.7257403529239655,
  "velkoz": 0.7241541218133352,
  "irelia": 0.7179453051790826
}