{
  "sejuani": 0.9764013997623012,
  "smolder": 0.7888980741891696,
  "yuumi": 0.7694860497409093,
  "xayah": 0.7289830033564478,
  "evelynn": 0.7067349253240942,
  "skarner": 0.6925692964037241,
  "twitch": 0.6753995492423276,
  "talon": 0.6576006978326725,
  "soraka": 0.6294330312875387,
  "karthus": 0.626833016295587,
  "vladimir": 0.6262998451013545,
  "rammus": 0.6235689632665035,
  "kennen": 0.5965908088752598,
  "riven": 0.5915816157991151,
  "quinn": 0.5674540121701449,
  "viego": 0.5615311699824697,
  "rengar": 0.5582335119064897,
  "gangplank": 0.5548751510900602,
  "lulu": 0.5511428190269629,
  "qiyana": 0.49560178986639747,
  "jhin": 0.4884897516049654,
  "blitzcrank": 0.4785124241978293,
  "shen": 0.4753532857793583,
  "zed": 0.4713116011414328,
  "kayle": 0.47003196651177076,
  "nasus": 0.4669731963510064,
  "khazix": 0.4558868044586256,
  "nilah": 0.45222319623999246,
  "samira": 0.4322273008572526,
  "kassadin": 0.4139163385335536,
  "chogath": 0.41326766903332435,
  "ambessa": 0.4118814901426395,
  "reksai": 0.4081565036420463,
  "ornn": 0.4015103358129819,
  "braum": 0.36298279163789,
  "shaco": 0.35340887956700645,
  "leona": 0.3398739286585643,
  "olaf": 0.33458556988664306,
  "ksante": 0.3228835212795628,
  "tristana": 0.3169886003622199,
  "zeri": 0.31678880387302133,
  "aurelionsol": 0.30745249867382407,
  "vayne": 0.30696915242295236,
  "aphelios": 0.30619372261485805,
  "teemo": 0.28962596140680047,
  "rumble": 0.28870062775894084,
  "mel": 0.28412670036238147,
  "akshan": 0.28158036915852197,
  "mordekaiser": 0.28158026616715237,
  "drmundo": 0.27875103783427463,
  "nautilus": 0.266020952009713,
  "katarina": 0.2561745137396571,
  "darius": 0.25496270835189544,
  "fiddlesticks": 0.24910364747927677,
  "galio": 0.2403684210886153,
  "leblanc": 0.23559890664247746,
  "rell": 0.2334997566330755,
  "rakan": 0.22269515405302173,
  "lucian": 0.21676248933267367
}