{
  "aphelios": 0.9209270395538325,
  "teemo": 0.8884615918799637,
  "jax": 0.8802196862614516,
  "chogath": 0.8757464074905964,
  "renata": 0.8746101609827276,
  "gwen": 0.8704098505955767,
  "rakan": 0.8625583388042982,
  "rumble": 0.8522060688010741,
  "alistar": 0.8519566759828626,
  "graves": 0.826562621529851,
  "ambessa": 0.8218200998326062,
  "rell": 0.8196696295531809,
  "aurelionsol": 0.8064860269671312,
  "nilah": 0.8043045967588094,
  "galio": 0.8012909299039342,
  "ornn": 0.80089865045104,
  "yone": 0.7989130555130163,
  "kayle": 0.7830098666842322,
  "braum": 0.7768395873183196,
  "nautilus": 0.7736302661514296,
  "blitzcrank": 0.7717470919169661,
  "annie": 0.7674016174605165,
  "azir": 0.764344270525737,
  "masteryi": 0.7588936202608516,
  "drmundo": 0.7556290417306883,
  "vi": 0.7555579989721664,
  "seraphine": 0.7482023572477118,
  "skarner": 0.7383090158135884,
  "maokai": 0.7336497235870993,
  "milio": 0.7285792737402914,
  "rengar": 0.7163195701507659,
  "leona": 0.7086014416222447,
  "vladimir": 0.7032096459840984
}