{
  "volibear": 0.6733413897631745,
  "ivern": 0.5761163301778515,
  "kalista": 0.4241913559798671,
  "xinzhao": 0.419078588015726,
  "briar": 0.3906050975504058,
  "shyvana": 0.38354002323061437,
  "ryze": 0.38222339176080405,
  "galio": 0.35793695451911256,
  "jax": 0.33561687214842484,
  "vayne": 0.3316101113564395,
  "wukong": 0.3123315701454747,
  "poppy": 0.3108963240874727,
  "brand": 0.30667568259146655,
  "udyr": 0.30567195614428677,
  "maokai": 0.3007670711698925
}